CVE;Fixing sha;Fixing date;VCC-heuristic sha;VCC-heuristic date;VCC-oldest sha;VCC-oldest date;VCC-newest sha;VCC-newest date;Average date;Weighted Average date;Heuristic Date;CWE;CVSS-Score;CVSS-Vector;Commits heuristic;Commmits newest;Commits oldest;Commits weighted;Confident;Stable
CVE-2019-10209;4766dce0dd1a1a26db253dfc81773a2c55cd2555;2019-08-05 11:20:31-04:00;c7ff7663e47fc4e295700101912f2b7dd53c1f4b;2007-02-27 01:11:26+00:00;19b886332a76f6b1141a7c1ca1d9eacaa8ef40d2;2003-01-12 04:03:34+00:00;bf6c614a2f2c58312b3be34a47e7fb7362e07bcb;2018-02-16 14:38:13-08:00;2008-11-07 18:00:00+00:00;2010-02-12 00:00:00+00:00;2008-02-11 07:12:00+00:00;CWE-200;3.5;AV:N/AC:M/Au:S/C:P/I:N/A:N;23160;33137;33137;18151;False;yes
CVE-2019-10208;ffa2d37e5fbd1243f918f622113d6e371667e5a0;2019-08-05 07:48:41-07:00;5f4745adf4fb2a1f933b25d7a2bc72b39fa9edfd;2002-03-30 01:02:42+00:00;d5e99ab4d6718e8ef515575e33fb5c6181cdcc96;2002-03-29 19:06:29+00:00;578b229718e8f15fa779e20f086c4b6bb3776106;2018-11-20 16:00:17-08:00;2008-01-17 18:00:00+00:00;2007-09-10 06:40:00+00:00;2005-07-27 16:48:00+00:00;CWE-89;6.5;AV:N/AC:L/Au:S/C:P/I:P/A:P;35286;35291;35291;22268;False;yes
CVE-2019-10164;b67421178880f9df337dc19b8601b54b99efbc78;2019-06-17 22:13:57+09:00;818fd4a67d610991757b610755e3065fb99d80a5;2017-03-07 14:25:40+02:00;818fd4a67d610991757b610755e3065fb99d80a5;2017-03-07 14:25:40+02:00;f3049a603a7950f313b33ab214f11563c66dc069;2018-01-04 13:55:12-05:00;2017-07-03 08:00:00+00:00;2017-05-13 20:00:00+00:00;2017-05-06 14:24:00+00:00;CWE-119;9.0;AV:N/AC:L/Au:S/C:C/I:C/A:C;5336;5336;5336;4601;False;no
CVE-2019-10164;09ec55b933091cb5b0af99978718cb3d289c71b6;2019-06-17 21:48:17+09:00;68e61ee72eb6914f493f08be98363c2f980ee242;2017-04-21 22:51:57+03:00;818fd4a67d610991757b610755e3065fb99d80a5;2017-03-07 14:25:40+02:00;68e61ee72eb6914f493f08be98363c2f980ee242;2017-04-21 22:51:57+03:00;2017-03-29 12:00:00+00:00;2017-04-09 18:00:00+00:00;2017-04-07 12:00:00+00:00;CWE-119;9.0;AV:N/AC:L/Au:S/C:C/I:C/A:C;4783;5335;5335;4897;True;no
CVE-2019-10130;1aebfbea83c4a3e1a0aba4b0910135dc5a45666c;2019-05-06 11:38:43+01:00;e2d4ef8de869c57e3bf270a30c12d48c2ce4e00c;2017-05-08 09:26:32-04:00;e2d4ef8de869c57e3bf270a30c12d48c2ce4e00c;2017-05-08 09:26:32-04:00;e2d4ef8de869c57e3bf270a30c12d48c2ce4e00c;2017-05-08 09:26:32-04:00;2017-05-08 00:00:00+00:00;2017-05-08 00:00:00+00:00;2017-05-08 00:00:00+00:00;CWE-284;4.0;AV:N/AC:L/Au:S/C:P/I:N/A:N;4381;4381;4381;4384;True;yes
CVE-2018-10915;d1c6a14bacfa5fe7690e2c71b1626dbc87a57355;2018-08-06 10:53:35-04:00;721f7bd3cbccaf8c07cad2707826b83f84694832;2016-11-29 12:18:31-05:00;d31084e9d1118b25fd16580d9d8c2924b5740dff;1996-07-09 06:22:35+00:00;7b02ba62e9ffad5b14c24756a0c2aeae839c9d05;2017-07-10 12:28:57+03:00;2009-02-04 19:30:00+00:00;2010-10-14 08:58:10.909091+00:00;2010-12-01 04:48:00+00:00;CWE-89;6.0;AV:N/AC:M/Au:S/C:P/I:P/A:P;4026;45403;45403;14812;False;yes
CVE-2018-1058;6497a18e6c1b5874566a77737ec3d381fded3ec2;2018-03-19 18:50:05-04:00;cc1965a99bf87005f431804bbda0f723887a04d6;2013-07-16 12:55:44-05:00;34eb4f0a32fb908bf91ca8694954e5713efe045b;1999-10-08 12:00:08+00:00;af20e2d728eb508bb169e7294e4e210a3459833a;2017-11-01 13:32:23-04:00;2011-02-18 14:24:00+00:00;2011-09-18 10:02:10.909091+00:00;2010-04-07 19:12:00+00:00;NVD-CWE-noinfo;6.5;AV:N/AC:L/Au:S/C:P/I:P/A:P;9139;38776;38776;11982;False;no
CVE-2018-1058;582edc369cdbd348d68441fc50fa26a84afd0c1a;2018-02-26 07:39:44-08:00;68281e00540a29e7f9bfc154c25a78b875f560d1;2011-12-06 08:48:15-05:00;92bd532c1e8b65f4f4d09ffb453782b29d6d1e42;2000-08-01 15:51:45+00:00;f0e44751d7175fa3394da2c8f85e3ceb3cdbfe63;2016-12-07 13:17:55-05:00;2010-02-10 19:33:20+00:00;2011-12-22 10:34:50.322580+00:00;2009-07-11 09:36:00+00:00;NVD-CWE-noinfo;6.5;AV:N/AC:L/Au:S/C:P/I:P/A:P;11463;36710;36710;11407;False;no
CVE-2018-1058;3d2aed664ee8271fd6c721ed0aa10168cda112ea;2018-02-26 10:18:21-05:00;caddcb8f4b96ce48b612e7c987ecde654d624616;2011-02-09 19:18:08-05:00;d31084e9d1118b25fd16580d9d8c2924b5740dff;1996-07-09 06:22:35+00:00;5c9f2564fabbc770ead3bd92136fdafc43654f27;2018-02-11 13:24:15-05:00;2010-07-13 11:42:39.036144+00:00;2010-10-27 21:47:04.615385+00:00;2008-02-18 21:36:00+00:00;NVD-CWE-noinfo;6.5;AV:N/AC:L/Au:S/C:P/I:P/A:P;13101;44333;44333;13668;False;no
CVE-2018-1053;a926eb84e07a604da6d059eca1fd87f919bb5d7a;2018-02-05 10:58:27-05:00;717f6d60859cc2d1d7dfd57520531a50bd78df9c;2012-03-12 19:48:03-04:00;e13f7e9a711c9117e438516537066bbe61df6455;2010-10-19 21:38:34+00:00;77517ba59f8d3a9d282c5e826bf19cbe195cd784;2016-11-07 10:12:52-05:00;2014-01-12 00:00:00+00:00;2012-11-07 07:30:00+00:00;2012-09-15 04:48:00+00:00;CWE-732;3.3;AV:L/AC:M/Au:N/C:P/I:P/A:N;10929;13603;13603;9865;False;yes
CVE-2018-1052;3492a0af0bd37e7f23e27fd3f5537f414ee9ab9b;2018-02-05 10:37:30-05:00;f0e44751d7175fa3394da2c8f85e3ceb3cdbfe63;2016-12-07 13:17:55-05:00;f0e44751d7175fa3394da2c8f85e3ceb3cdbfe63;2016-12-07 13:17:55-05:00;f0e44751d7175fa3394da2c8f85e3ceb3cdbfe63;2016-12-07 13:17:55-05:00;2016-12-07 00:00:00+00:00;2016-12-07 00:00:00+00:00;2016-12-07 00:00:00+00:00;CWE-200;4.0;AV:N/AC:L/Au:S/C:P/I:N/A:N;2783;2783;2783;2791;True;no
CVE-2017-7548;ae20b23a9e7029f31ee902da08a464d968319f56;2017-11-09 12:56:07-05:00;7e0cce0265921dca2e8ea9485c194465a7e19703;2012-10-09 16:38:00-04:00;d31084e9d1118b25fd16580d9d8c2924b5740dff;1996-07-09 06:22:35+00:00;c50b7c09d852b6dc292bf24c72a0ffcac6cb2cab;2013-10-27 22:56:54-04:00;2006-05-31 12:00:00+00:00;2010-01-06 05:40:38.709677+00:00;2008-02-09 00:00:00+00:00;NVD-CWE-noinfo;4.0;AV:N/AC:L/Au:S/C:N/I:P/A:N;9491;43791;43791;14618;False;yes
CVE-2017-15099;87b2ebd352c4afe1ded0841604b59a3afbae97d1;2017-11-06 09:19:22+00:00;168d5805e4c08bed7b95d351bf097cff7c07dd65;2015-05-08 05:43:10+02:00;168d5805e4c08bed7b95d351bf097cff7c07dd65;2015-05-08 05:43:10+02:00;aa5d3c0b3fb906dfa910b0ca6f75ab701b2f1c09;2017-05-06 21:46:35-04:00;2016-01-19 19:12:00+00:00;2015-10-08 04:00:00+00:00;2015-10-01 00:00:00+00:00;CWE-200;4.0;AV:N/AC:L/Au:S/C:P/I:N/A:N;5450;5450;5450;4590;False;yes
CVE-2017-7548;8d9881911f0d30e0783a6bb1363b94a2c817433d;2017-08-07 10:19:19-04:00;c50b7c09d852b6dc292bf24c72a0ffcac6cb2cab;2013-10-27 22:56:54-04:00;c50b7c09d852b6dc292bf24c72a0ffcac6cb2cab;2013-10-27 22:56:54-04:00;c50b7c09d852b6dc292bf24c72a0ffcac6cb2cab;2013-10-27 22:56:54-04:00;2013-10-28 00:00:00+00:00;2013-10-28 00:00:00+00:00;2013-10-28 00:00:00+00:00;NVD-CWE-noinfo;4.0;AV:N/AC:L/Au:S/C:N/I:P/A:N;7539;7539;7539;7540;True;yes
CVE-2017-7546;bf6b9e94445610a3d84cf9521032fab993f96fd6;2017-08-07 17:03:42+03:00;0182d6f646997e486f56f847001ff74694bdd7da;2009-12-12 21:35:21+00:00;04c1f729202b00cf053535587820cd913dbddfc1;2001-09-06 03:23:38+00:00;bf6b9e94445610a3d84cf9521032fab993f96fd6;2017-08-07 17:03:42+03:00;2010-12-29 22:30:00+00:00;2012-09-13 08:15:44.262295+00:00;2008-12-30 07:12:00+00:00;CWE-287;7.5;AV:N/AC:L/Au:N/C:P/I:P/A:P;14165;32635;32635;9006;False;yes
CVE-2017-7484;da0759600664439238fe25fa84b1f0059bfdcdd6;2017-05-08 15:03:14-04:00;918eee0c497c88260a2e107318843c9b1947bc6f;2012-08-27 15:58:46+03:00;918eee0c497c88260a2e107318843c9b1947bc6f;2012-08-27 15:58:46+03:00;e2d4ef8de869c57e3bf270a30c12d48c2ce4e00c;2017-05-08 09:26:32-04:00;2014-05-27 00:00:00+00:00;2014-03-04 07:12:00+00:00;2013-08-05 00:00:00+00:00;CWE-200;5.0;AV:N/AC:L/Au:N/C:P/I:N/A:N;8583;8583;8583;6393;False;yes
CVE-2017-7484;b6576e5914d042bfad1c8629fe199f59b036c342;2017-05-08 11:18:40-04:00;59d0bf9dca58b237902c2fd1507e8bc5d54d4a63;2013-03-14 15:36:56+02:00;918eee0c497c88260a2e107318843c9b1947bc6f;2012-08-27 15:58:46+03:00;59d0bf9dca58b237902c2fd1507e8bc5d54d4a63;2013-03-14 15:36:56+02:00;2012-12-04 12:00:00+00:00;2012-12-04 12:00:00+00:00;2013-01-13 07:12:00+00:00;CWE-200;5.0;AV:N/AC:L/Au:N/C:P/I:N/A:N;7791;8579;8579;8189;False;yes
CVE-2017-7484;e2d4ef8de869c57e3bf270a30c12d48c2ce4e00c;2017-05-08 09:26:32-04:00;d4af2a64816ea4639c9614112b0c8a5a3cb4b522;2008-08-16 00:01:38+00:00;44878506d811dcb5e7f4ea6450c9e6b8544f2651;1999-08-01 04:54:25+00:00;59d0bf9dca58b237902c2fd1507e8bc5d54d4a63;2013-03-14 15:36:56+02:00;2007-02-12 22:30:00+00:00;2007-06-24 15:08:18.461538+00:00;2006-10-29 07:12:00+00:00;CWE-200;5.0;AV:N/AC:L/Au:N/C:P/I:N/A:N;15508;37243;37243;17659;False;yes
CVE-2016-5423;f0c7b789ab12fbc8248b671c7882dd96ac932ef4;2016-08-08 10:33:46-04:00;55f7c3300d164d370d28b127210223d078da524d;2004-03-17 20:48:43+00:00;bedd04a551c30350ebb8da2aa2596d16053b5d15;1998-12-04 15:34:49+00:00;dcbf5948e12aa60b4d6ab65b6445897dfc971e01;2015-04-27 12:29:42-04:00;2004-05-18 09:36:00+00:00;2003-08-27 18:00:00+00:00;2004-11-04 14:24:00+00:00;CWE-476;6.5;AV:N/AC:L/Au:S/C:P/I:P/A:P;23597;36594;36594;24973;False;yes
CVE-2016-5424;fcd15f13581f6d75c63d213220d5a94889206c1b;2016-08-08 10:07:46-04:00;f763b77193b04eba03a1f4ce46df34dc0348419e;2012-09-03 13:52:40-04:00;e8f69be054e9343b3c41d7e77cc142913ee55439;2000-07-21 11:40:08+00:00;9d924e9a64b91571e04252424c01210fc0f6f6d9;2016-08-08 10:07:46-04:00;2010-06-08 10:40:00+00:00;2011-06-29 05:41:03.157894+00:00;2009-10-27 21:36:00+00:00;CWE-94;4.6;AV:N/AC:H/Au:S/C:P/I:P/A:P;6674;33259;33259;8710;False;yes
CVE-2016-5424;41f18f021a0882eccbeca62e2ed4b66c6b96e9c9;2016-08-08 10:07:46-04:00;b0a6ad70a12b6949fdebffa8ca1650162bf0254a;2009-01-05 16:54:37+00:00;a0db74a35c16debfec84d6a5b0bdc227236a8ece;2004-07-12 14:35:45+00:00;142c24c23447f212e642a0ffac9af878b93f490d;2016-08-08 10:07:46-04:00;2012-01-01 19:38:10.909091+00:00;2013-02-21 23:08:06.486487+00:00;2009-03-09 00:00:00+00:00;CWE-94;4.6;AV:N/AC:H/Au:S/C:P/I:P/A:P;13057;22832;22832;6038;False;yes
CVE-2016-5424;bd65371851b7a9964b4b265d06fe1304315e37c1;2016-08-08 10:07:46-04:00;b0a6ad70a12b6949fdebffa8ca1650162bf0254a;2009-01-05 16:54:37+00:00;b0a6ad70a12b6949fdebffa8ca1650162bf0254a;2009-01-05 16:54:37+00:00;bd65371851b7a9964b4b265d06fe1304315e37c1;2016-08-08 10:07:46-04:00;2013-03-01 16:00:00+00:00;2010-11-01 15:16:21.818182+00:00;2010-07-13 09:36:00+00:00;CWE-94;4.6;AV:N/AC:H/Au:S/C:P/I:P/A:P;13056;13056;13056;10133;True;yes
CVE-2016-5424;142c24c23447f212e642a0ffac9af878b93f490d;2016-08-08 10:07:46-04:00;b0a6ad70a12b6949fdebffa8ca1650162bf0254a;2009-01-05 16:54:37+00:00;b0a6ad70a12b6949fdebffa8ca1650162bf0254a;2009-01-05 16:54:37+00:00;b0a6ad70a12b6949fdebffa8ca1650162bf0254a;2009-01-05 16:54:37+00:00;2009-01-05 00:00:00+00:00;2009-01-05 00:00:00+00:00;2009-01-05 00:00:00+00:00;CWE-94;4.6;AV:N/AC:H/Au:S/C:P/I:P/A:P;13055;13055;13055;13064;True;yes
CVE-2016-5424;c400717172d77e5b07e51e04c5e5e13da181572e;2016-08-08 10:07:46-04:00;a17923204736d8842eade3517d6a8ee81290fca4;2015-01-23 15:02:45-03:00;9e0ab7126d106debb3fbdbc0e808368432cf39f0;2003-03-18 22:19:47+00:00;ff402ae11b4d33e0e46c2730f63033d3631b8010;2015-12-23 15:45:43-05:00;2010-10-07 18:00:00+00:00;2011-05-17 06:43:12+00:00;2011-09-09 02:24:00+00:00;CWE-94;4.6;AV:N/AC:H/Au:S/C:P/I:P/A:P;3051;26068;26068;8940;False;yes
CVE-2016-5424;9d924e9a64b91571e04252424c01210fc0f6f6d9;2016-08-08 10:07:46-04:00;e146ca682062ca1f5015f3820571c5359f5f9dba;2015-04-02 12:30:57-03:00;0e6652e67357354e01f2466184343d0bc0ee2cab;1999-11-04 23:14:30+00:00;d5563d7df94488bf0ab52ac0678e8a07e5b8297e;2015-12-08 14:04:08-05:00;2008-04-08 10:17:08.571429+00:00;2010-08-17 21:24:19.459460+00:00;2010-10-06 14:24:00+00:00;CWE-94;4.6;AV:N/AC:H/Au:S/C:P/I:P/A:P;2682;34964;34964;10421;False;yes
CVE-2016-3065;3e1338475ffc2eac25de60a9de9ce689b763aced;2016-03-28 10:57:42-03:00;7516f5259411c02ae89e49084452dc342aadb2ae;2014-11-07 16:38:14-03:00;7516f5259411c02ae89e49084452dc342aadb2ae;2014-11-07 16:38:14-03:00;e491bd2ee34860b14ff18abc5602f9aa5b197a2d;2015-03-10 12:27:15-03:00;2015-01-07 12:00:00+00:00;2014-12-13 21:36:00+00:00;2014-12-01 14:24:00+00:00;CWE-264;8.5;AV:N/AC:L/Au:N/C:P/I:N/A:C;2646;2646;2646;2453;True;no
CVE-2016-2193;86ebf30fd6d8964bbd5d48db053b0a7ff709a0d7;2016-03-28 09:03:20-04:00;491c029dbc4206779cf659aa0ff986af7831d2ff;2014-09-19 11:18:35-04:00;e6faf910d75027bdce7cd0f2033db4e912592bcc;2011-09-16 00:43:52-04:00;491c029dbc4206779cf659aa0ff986af7831d2ff;2014-09-19 11:18:35-04:00;2013-02-15 00:00:00+00:00;2013-09-18 02:10:54.545455+00:00;2013-10-24 07:12:00+00:00;CWE-254;5.0;AV:N/AC:L/Au:N/C:N/I:P/A:N;2844;7533;7533;4510;True;no
CVE-2016-0773;3bb3f42f3749d40b8d4de65871e8d828b18d4a45;2016-02-08 10:25:40-05:00;7bcc6d98fb5c3bda2787ae085ef3ff3dbb65ae42;2003-02-05 17:41:33+00:00;7bcc6d98fb5c3bda2787ae085ef3ff3dbb65ae42;2003-02-05 17:41:33+00:00;df1e965e12cdd48c11057ee6e15346ee2b8b02f5;2008-02-14 17:33:37+00:00;2004-12-27 00:00:00+00:00;2003-08-22 20:00:00+00:00;2004-02-07 00:00:00+00:00;CWE-119;5.0;AV:N/AC:L/Au:N/C:N/I:N/A:P;25113;25113;25113;23857;False;yes
CVE-2016-0766;f4aa3a18a20d51575562520754aa376b3b08b2d0;2016-02-05 20:22:51-05:00;40fda15dcebdd07ee75ac1f55dad145f91297b99;2007-09-10 00:57:22+00:00;40fda15dcebdd07ee75ac1f55dad145f91297b99;2007-09-10 00:57:22+00:00;40fda15dcebdd07ee75ac1f55dad145f91297b99;2007-09-10 00:57:22+00:00;2007-09-10 00:00:00+00:00;2007-09-10 00:00:00+00:00;2007-09-10 00:00:00+00:00;CWE-264;9.0;AV:N/AC:L/Au:S/C:C/I:C/A:C;14352;14352;14352;14353;True;yes
CVE-2007-4772;6a7153661d66a00a03ff117c24fa49480b0699c8;2015-10-16 15:55:59-04:00;7bcc6d98fb5c3bda2787ae085ef3ff3dbb65ae42;2003-02-05 17:41:33+00:00;7bcc6d98fb5c3bda2787ae085ef3ff3dbb65ae42;2003-02-05 17:41:33+00:00;a7b61d4f5af37344f8973b2dfce47e2ba2680061;2013-03-07 11:51:03-05:00;2006-08-15 16:00:00+00:00;2003-04-23 14:54:32.727273+00:00;2005-02-10 14:24:00+00:00;CWE-399;4.0;AV:N/AC:L/Au:S/C:N/I:N/A:P;24664;24664;24664;24268;True;yes
CVE-2007-4772;48789c5d23a7f382e3cb721547d5e0af7aaa4585;2015-10-16 15:55:58-04:00;98f27aaef34291246c09ce5d0e0fba4f4477467a;2008-01-03 20:47:55+00:00;7bcc6d98fb5c3bda2787ae085ef3ff3dbb65ae42;2003-02-05 17:41:33+00:00;a7b61d4f5af37344f8973b2dfce47e2ba2680061;2013-03-07 11:51:03-05:00;2006-12-20 00:00:00+00:00;2006-02-08 08:09:36+00:00;2007-07-27 02:24:00+00:00;CWE-399;4.0;AV:N/AC:L/Au:S/C:N/I:N/A:P;13124;24661;24661;17292;False;yes
CVE-2015-5289;08fa47c4850cea32c3116665975bca219fbf2fe6;2015-10-05 10:06:29-04:00;a570c98d7fa0841f17bbf51d62d02d9e493c7fcc;2013-03-29 14:12:13-04:00;a570c98d7fa0841f17bbf51d62d02d9e493c7fcc;2013-03-29 14:12:13-04:00;1edd4ec831458e10b524d1473a7de5791aa8753e;2015-10-04 13:28:16-04:00;2014-08-25 00:00:00+00:00;2014-04-18 12:00:00+00:00;2013-09-28 19:12:00+00:00;CWE-119;6.4;AV:N/AC:L/Au:N/C:P/I:N/A:P;4216;4216;4216;2641;False;no
CVE-2015-5288;1d812c8b059d0b9b1fba4a459c9876de0f6259b6;2015-10-05 10:06:29-04:00;df24cb73f6cb206837f6ef42cb13c633a61b11b8;2001-08-21 01:32:01+00:00;df24cb73f6cb206837f6ef42cb13c633a61b11b8;2001-08-21 01:32:01+00:00;9fe55259fd61fd9199907623f974caa7af66e780;2014-04-17 12:37:53-04:00;2005-11-30 08:00:00+00:00;2002-09-15 14:00:00+00:00;2004-03-02 09:36:00+00:00;CWE-200;6.4;AV:N/AC:L/Au:N/C:P/I:N/A:P;28730;28730;28730;25540;True;yes
CVE-2015-3165;b0ce385032d72d6acf1e330f733013553fe6affe;2015-05-18 10:02:31-04:00;48d50840d53eb62842c0d9b54eab9cd7c9a3a46d;2014-08-18 13:12:40+03:00;d31084e9d1118b25fd16580d9d8c2924b5740dff;1996-07-09 06:22:35+00:00;48d50840d53eb62842c0d9b54eab9cd7c9a3a46d;2014-08-18 13:12:40+03:00;2004-09-25 16:00:00+00:00;2008-09-10 00:00:00+00:00;2009-03-12 19:12:00+00:00;NVD-CWE-Other;4.3;AV:N/AC:M/Au:N/C:N/I:N/A:P;1404;38437;38437;11205;False;no
CVE-2014-0065;01824385aead50e557ca1af28640460fa9877d51;2014-02-17 11:20:21-05:00;6afe200ceea818c82e3a1a754c5043e7df1efa10;2014-01-31 20:19:53-05:00;b95ff0c54232a50fa1e52628a729dbe85218833c;2001-05-03 12:32:13+00:00;6afe200ceea818c82e3a1a754c5043e7df1efa10;2014-01-31 20:19:53-05:00;2008-04-20 02:40:00+00:00;2008-11-04 09:21:57.073171+00:00;2010-04-05 21:36:00+00:00;CWE-119;6.5;AV:N/AC:L/Au:S/C:P/I:P/A:P;104;26544;26544;8741;False;no
CVE-2014-0064;31400a673325147e1205326008e32135a78b4d8a;2014-02-17 09:33:31-05:00;1dedbf2da5c4aa741bbc6f16dc3ad819625b84f0;2002-07-30 16:40:34+00:00;0337938fbfee45a2406b12e34cc594e72af58c3c;2000-04-08 02:13:11+00:00;fdf2dbda3f49310b20780ad7b290da935cd2335d;2011-01-09 00:39:21-05:00;2004-07-02 13:30:00+00:00;2004-07-03 13:28:25.263158+00:00;2003-07-29 02:24:00+00:00;CWE-189;6.5;AV:N/AC:L/Au:S/C:P/I:P/A:P;23190;29349;29349;18292;False;no
CVE-2014-0063;4318daecc959886d001a6e79c6ea853e8b1dfb4b;2014-02-17 09:33:31-05:00;2e6f97560a837f692a143d74c0255b4c92c1bbdb;2003-03-20 15:56:50+00:00;41f1f5b76ad8e177a2b19116cbf41384f93f3851;2000-02-16 17:26:26+00:00;7c5a561f31339ac3cfedb2dab066eca331dd75ac;2008-11-26 16:31:02+00:00;2004-08-03 21:00:00+00:00;2003-10-04 22:20:41.379311+00:00;2003-06-05 04:48:00+00:00;CWE-119;6.5;AV:N/AC:L/Au:S/C:P/I:P/A:P;21433;29781;29781;20043;False;no
CVE-2014-0062;5f173040e324f6c2eebb90d86cf1b0cdb5890f0a;2014-02-17 09:33:31-05:00;46379d6e60f0f95e127a5045ca1fa74dfdc48a85;2007-06-23 22:12:52+00:00;d31084e9d1118b25fd16580d9d8c2924b5740dff;1996-07-09 06:22:35+00:00;5f173040e324f6c2eebb90d86cf1b0cdb5890f0a;2014-02-17 09:33:31-05:00;2007-09-15 17:13:50.769230+00:00;2008-03-07 21:54:46.956522+00:00;2005-07-08 21:36:00+00:00;CWE-362;4.9;AV:N/AC:M/Au:S/C:P/I:P/A:N;11213;36209;36209;9844;False;no
CVE-2014-0061;537cbd35c893e67a63c59bc636c3e888bd228bc7;2014-02-17 09:33:31-05:00;75b39e79099fb1da43542e12698df717d1bd120f;2013-01-21 20:26:15-05:00;e26c539e9f326ea843c0ed005af093b56b55cd4d;2010-02-14 18:42:19+00:00;75b39e79099fb1da43542e12698df717d1bd120f;2013-01-21 20:26:15-05:00;2011-09-18 16:00:00+00:00;2012-01-19 12:00:00+00:00;2012-03-06 02:24:00+00:00;CWE-264;6.5;AV:N/AC:L/Au:S/C:P/I:P/A:P;1568;6762;6762;3187;False;no
CVE-2014-0060;fea164a72a7bfd50d77ba5fb418d357f8f2bb7d0;2014-02-17 09:33:31-05:00;f9fd1764615ed5d85fab703b0ffb0c323fe7dfd5;2005-07-26 00:04:19+00:00;c33d575899593a46a5b9a76e4e0ef6f9d81e55dd;2005-06-29 20:34:15+00:00;f9fd1764615ed5d85fab703b0ffb0c323fe7dfd5;2005-07-26 00:04:19+00:00;2005-07-12 12:00:00+00:00;2005-07-20 14:24:00+00:00;2005-07-17 21:36:00+00:00;CWE-264;4.0;AV:N/AC:L/Au:S/C:N/I:P/A:N;15464;15665;15665;15505;True;no
CVE-2013-1899;17fe2793ea7fe269ed616cb305150b6cf38dbaa8;2013-04-01 14:00:51-04:00;e710b65c1c56ca7b91f662c63d37ff2e72862a94;2009-08-29 19:26:52+00:00;d31084e9d1118b25fd16580d9d8c2924b5740dff;1996-07-09 06:22:35+00:00;eeece9e60984e76e5a41c1e2fa9efc5a1761e560;2012-06-25 21:30:12+03:00;2006-06-20 02:00:00+00:00;2007-09-07 12:40:00+00:00;2006-04-13 12:00:00+00:00;CWE-94;6.5;AV:N/AC:L/Au:S/C:P/I:P/A:P;6222;34959;34959;9669;False;no
CVE-2013-1901;ce9ab88981495d975aade8fc664f99f68fc18e2b;2013-04-01 13:09:24-04:00;9b8aff8c192e2f313f90395d114c58a9ef84f97f;2010-12-29 11:05:03+01:00;58c41712d55fadd35477b2ec3a02d12eca2bfbf2;2004-08-03 20:32:36+00:00;00c5f55061df52ccfd82eae16f054e08818ad0ff;2012-01-14 18:22:16+02:00;2009-05-16 09:36:00+00:00;2009-11-16 12:55:23.076923+00:00;2009-04-12 12:00:00+00:00;CWE-264;4.0;AV:N/AC:L/Au:S/C:N/I:P/A:N;4050;16843;16843;6007;False;no
CVE-2013-1900;0d1ecd6300191a450978ca2fcd12bbbb7c5e65e6;2013-03-27 18:50:21-04:00;164adc4d3924d5f0310dba24d4035313ca69245d;2005-03-10 07:14:03+00:00;164adc4d3924d5f0310dba24d4035313ca69245d;2005-03-10 07:14:03+00:00;d5e0029862be8729f2cb25736469ed71068424c5;2010-01-11 18:39:32+00:00;2007-08-11 00:00:00+00:00;2006-10-20 08:00:00+00:00;2006-02-26 14:24:00+00:00;CWE-189;8.5;AV:N/AC:M/Au:S/C:C/I:C/A:C;15220;15220;15220;11351;False;no
CVE-2013-0255;71627f3d1964ef9831ea7997d2f4ac5617c718cc;2013-02-13 16:20:01-05:00;ab0f7b6089fd215f6ce6081e2e222c38d643a526;2013-02-04 16:25:01-05:00;94133a935414407920a47d06a6e22734c974c3b8;2011-03-03 01:34:17-05:00;ab0f7b6089fd215f6ce6081e2e222c38d643a526;2013-02-04 16:25:01-05:00;2012-05-12 00:00:00+00:00;2012-08-26 13:05:27.272727+00:00;2012-07-07 19:12:00+00:00;CWE-20;6.8;AV:N/AC:L/Au:S/C:N/I:N/A:C;39;3368;3368;686;True;no
CVE-2013-0255;ab0f7b6089fd215f6ce6081e2e222c38d643a526;2013-02-04 16:25:01-05:00;2e74c53ec1103f92c5704d87a4af2ab573402212;2007-09-04 16:41:43+00:00;2e74c53ec1103f92c5704d87a4af2ab573402212;2007-09-04 16:41:43+00:00;2e74c53ec1103f92c5704d87a4af2ab573402212;2007-09-04 16:41:43+00:00;2007-09-04 00:00:00+00:00;2007-09-04 00:00:00+00:00;2007-09-04 00:00:00+00:00;CWE-20;6.8;AV:N/AC:L/Au:S/C:N/I:N/A:C;9438;9438;9438;9442;True;no
CVE-2012-3489;17351fce4e03f0e448f9332d4774b7d5615d1e48;2012-08-14 18:31:16-04:00;cacd42d62cb2ddf32135b151f627780a5509780f;2011-07-20 13:03:49-04:00;cacd42d62cb2ddf32135b151f627780a5509780f;2011-07-20 13:03:49-04:00;cacd42d62cb2ddf32135b151f627780a5509780f;2011-07-20 13:03:49-04:00;2011-07-20 00:00:00+00:00;2011-07-20 00:00:00+00:00;2011-07-20 00:00:00+00:00;CWE-20;4.0;AV:N/AC:L/Au:S/C:P/I:N/A:N;1787;1787;1787;1790;True;no
CVE-2012-2655;33c6eaf78e692c0699e74a3883780d2edb68e4d7;2012-05-30 23:27:57-04:00;0a7fb4e9184539afcb6fed0f1d2bc0abddc2b0a6;2000-05-28 17:56:29+00:00;0a7fb4e9184539afcb6fed0f1d2bc0abddc2b0a6;2000-05-28 17:56:29+00:00;85801a4dbdee22f230637311681b8b03a72979db;2001-10-06 23:21:45+00:00;2001-01-31 00:00:00+00:00;2000-12-12 09:36:00+00:00;2000-09-04 04:48:00+00:00;CWE-399;4.0;AV:N/AC:L/Au:S/C:N/I:N/A:P;26519;26519;26519;25195;False;no
CVE-2012-2143;932ded2ed51e8333852e370c7a6dad75d9f236f9;2012-05-30 10:53:30-04:00;df24cb73f6cb206837f6ef42cb13c633a61b11b8;2001-08-21 01:32:01+00:00;df24cb73f6cb206837f6ef42cb13c633a61b11b8;2001-08-21 01:32:01+00:00;df24cb73f6cb206837f6ef42cb13c633a61b11b8;2001-08-21 01:32:01+00:00;2001-08-21 00:00:00+00:00;2001-08-21 00:00:00+00:00;2001-08-21 00:00:00+00:00;CWE-310;4.3;AV:N/AC:M/Au:N/C:N/I:P/A:N;23261;23261;23261;23267;True;no
CVE-2012-0868;89e0bac86dbca40dfc321926205f2a90d3da5437;2012-02-23 15:53:09-05:00;04baa0ebf95652d8fa4a7cc62b621ade0aa6d5f4;2004-11-06 19:36:02+00:00;9e1552607a9dc6bc23e43d46770a9063ade4f3f0;2001-03-22 04:01:46+00:00;68528d37bbfbb3ae8dc83418f3e1d343c4050f0a;2008-03-20 17:36:58+00:00;2004-06-29 15:00:00+00:00;2004-10-26 03:41:32.307692+00:00;2004-06-07 12:00:00+00:00;CWE-89;6.8;AV:N/AC:M/Au:N/C:P/I:P/A:P;14268;23749;23749;14359;False;yes
CVE-2012-0867;077711c2e3e86384d19d833233bd35e05b921cfc;2012-02-23 15:48:04-05:00;abf23ee86d871850347cfec80636537e9eb20ea6;2009-12-09 06:37:06+00:00;19570420f5318343ed7a263cc6046fd5605b22cc;2002-06-14 04:23:17+00:00;077711c2e3e86384d19d833233bd35e05b921cfc;2012-02-23 15:48:04-05:00;2006-11-13 22:00:00+00:00;2006-07-17 14:55:08.108108+00:00;2008-02-18 16:48:00+00:00;CWE-295;4.3;AV:N/AC:M/Au:N/C:N/I:P/A:N;4196;20506;20506;10347;False;yes
CVE-2012-0866;891e6e7bfd9bb72687522af08c18689f795cb60a;2012-02-23 15:38:56-05:00;a2899ebdc28080eab0f4bb0b8a5f30aa7bb31a89;2007-11-04 01:16:19+00:00;a2899ebdc28080eab0f4bb0b8a5f30aa7bb31a89;2007-11-04 01:16:19+00:00;a2899ebdc28080eab0f4bb0b8a5f30aa7bb31a89;2007-11-04 01:16:19+00:00;2007-11-04 00:00:00+00:00;2007-11-04 00:00:00+00:00;2007-11-04 00:00:00+00:00;CWE-264;6.5;AV:N/AC:L/Au:S/C:P/I:P/A:P;7525;7525;7525;7526;True;yes
CVE-2010-4015;7ccb6dc2d3e266a551827bb99179708580f72431;2011-01-27 17:42:39-05:00;a237dd2b30b64d5070e1160b036480c44e3ba89d;2003-06-11 19:31:05+00:00;a237dd2b30b64d5070e1160b036480c44e3ba89d;2003-06-11 19:31:05+00:00;a237dd2b30b64d5070e1160b036480c44e3ba89d;2003-06-11 19:31:05+00:00;2003-06-11 00:00:00+00:00;2003-06-11 00:00:00+00:00;2003-06-11 00:00:00+00:00;CWE-189;6.5;AV:N/AC:L/Au:S/C:P/I:P/A:P;15912;15912;15912;15930;True;yes
CVE-2010-3433;50595b5fce2e15b5ef26b057799b4a4cdd1c10e8;2010-09-30 17:18:51-04:00;751e3e6bd8c0de789d9942d925590f63ac3dd715;2006-11-13 17:13:57+00:00;a71a80b0f2ea0286495a95f4339b44966ba27fd4;1998-02-11 14:08:01+00:00;9ead05b7c3d0fb48a2d5ac6ec0f51c4f276d581d;2010-05-13 18:29:12+00:00;2005-10-04 20:25:31.914894+00:00;2005-12-07 12:08:16.551724+00:00;2004-12-09 07:12:00+00:00;CWE-264;6.0;AV:N/AC:M/Au:S/C:P/I:P/A:P;6904;27743;27743;8956;False;yes
CVE-2010-1170;9ead05b7c3d0fb48a2d5ac6ec0f51c4f276d581d;2010-05-13 18:29:12+00:00;8b1ea2f58b5f6c65a06781250ef38418c20796a1;2003-07-31 18:36:46+00:00;a71a80b0f2ea0286495a95f4339b44966ba27fd4;1998-02-11 14:08:01+00:00;9ead05b7c3d0fb48a2d5ac6ec0f51c4f276d581d;2010-05-13 18:29:12+00:00;2002-08-15 21:20:00+00:00;2001-10-13 19:26:53.793104+00:00;2003-04-18 19:12:00+00:00;CWE-264;6.0;AV:N/AC:M/Au:S/C:P/I:P/A:P;14348;27118;27118;18942;False;yes
CVE-2010-1169;1f474d299d02c398fa627d09d23a7a6a1079a310;2010-05-13 16:39:43+00:00;4400ca2bada53fedda1c6ac10b3eaacb82e1b33b;2006-01-28 16:20:31+00:00;c02f1ead482e3d6efdccaacb05a7955d4aead3d1;2000-01-20 05:08:58+00:00;1f474d299d02c398fa627d09d23a7a6a1079a310;2010-05-13 16:39:43+00:00;2008-03-24 10:48:00+00:00;2008-04-17 19:38:10.909091+00:00;2005-02-15 04:48:00+00:00;CWE-94;8.5;AV:N/AC:M/Au:S/C:C/I:C/A:C;8061;23660;23660;3242;False;yes
CVE-2009-4136;62aba76568e58698ad5eaa6153bc45186aacbde2;2009-12-09 21:57:51+00:00;eedb068c0a7474fb11d67d03b0a9e1ded5df82c4;2008-01-03 21:23:15+00:00;4b6fcc4459991fa65b1389c8e05e3e3b9a8bd35a;1998-04-05 21:04:50+00:00;62aba76568e58698ad5eaa6153bc45186aacbde2;2009-12-09 21:57:51+00:00;2005-11-01 15:36:00+00:00;2007-07-30 07:45:27.272727+00:00;2005-06-20 04:48:00+00:00;NVD-CWE-Other;6.5;AV:N/AC:L/Au:S/C:P/I:P/A:P;2926;25915;25915;3889;False;yes
CVE-2009-4034;abf23ee86d871850347cfec80636537e9eb20ea6;2009-12-09 06:37:06+00:00;eb7afc1407680a10be05ba18865051b539d434f2;2002-06-14 04:36:58+00:00;19570420f5318343ed7a263cc6046fd5605b22cc;2002-06-14 04:23:17+00:00;eb7afc1407680a10be05ba18865051b539d434f2;2002-06-14 04:36:58+00:00;2002-06-14 00:00:00+00:00;2002-06-14 00:00:00+00:00;2002-06-14 00:00:00+00:00;CWE-310;5.8;AV:N/AC:M/Au:N/C:N/I:P/A:P;16306;16310;16310;16314;False;yes
CVE-2007-6600;187e5d8981210c00f7f824de4926d036006d5b02;2009-09-03 22:08:05+00:00;eedb068c0a7474fb11d67d03b0a9e1ded5df82c4;2008-01-03 21:23:15+00:00;226a980bb0dfaaa4cee3650889218483aa9ec632;2006-02-12 22:32:43+00:00;eedb068c0a7474fb11d67d03b0a9e1ded5df82c4;2008-01-03 21:23:15+00:00;2007-01-23 00:00:00+00:00;2007-10-08 18:00:00+00:00;2007-06-10 00:00:00+00:00;CWE-264;6.5;AV:N/AC:L/Au:S/C:P/I:P/A:P;2663;6762;6762;3225;True;yes
CVE-2007-6601;919c9f6cceeae8468672462a23eab470e18ceda0;2008-01-03 21:27:59+00:00;52a3ed9fac32e16f6061cbc49046c0bd97f8f77a;2006-09-02 21:11:15+00:00;11d337185d61028e07cc696306694ec59ac6bfe2;2002-11-23 18:59:25+00:00;d92583f88ec75eb73855a794230aa94c4366f103;2007-07-08 17:12:38+00:00;2005-02-01 20:00:00+00:00;2006-08-19 02:43:38.181818+00:00;2005-09-15 02:24:00+00:00;CWE-287;7.2;AV:L/AC:L/Au:N/C:C/I:C/A:C;2880;11929;11929;2973;False;yes
CVE-2007-6600;eedb068c0a7474fb11d67d03b0a9e1ded5df82c4;2008-01-03 21:23:15+00:00;2abae34a2e8fde42be731b4e18d44cd08901464d;2007-09-03 00:39:26+00:00;d31084e9d1118b25fd16580d9d8c2924b5740dff;1996-07-09 06:22:35+00:00;745c1b2c2ab8385c8392ff10383a64527e3150b7;2007-10-24 20:55:36+00:00;2004-04-03 23:10:20.689655+00:00;2004-12-10 19:02:04.137931+00:00;2004-05-09 07:12:00+00:00;CWE-264;6.5;AV:N/AC:L/Au:S/C:P/I:P/A:P;818;26093;26093;6909;False;yes
CVE-2007-4769;98f27aaef34291246c09ce5d0e0fba4f4477467a;2008-01-03 20:47:55+00:00;7bcc6d98fb5c3bda2787ae085ef3ff3dbb65ae42;2003-02-05 17:41:33+00:00;7bcc6d98fb5c3bda2787ae085ef3ff3dbb65ae42;2003-02-05 17:41:33+00:00;089003fb462fcce46c02bf47322b429f73c33c50;2003-08-04 00:43:34+00:00;2003-05-06 00:00:00+00:00;2003-03-09 07:23:04.615385+00:00;2003-03-13 00:00:00+00:00;CWE-189;6.8;AV:N/AC:L/Au:S/C:N/I:N/A:C;11537;11537;11537;11382;True;yes
CVE-2007-2138;aa27977fe21a7dfa4da4376ad66ae37cb8f0d0b5;2007-04-20 02:37:38+00:00;547b6e537aa8bbae83a8a4c4d0d7f216390bdb9c;2007-03-23 19:53:52+00:00;1dbf8aa7a8159875bb46f6ee6ab0116eee76869b;2002-03-26 19:17:02+00:00;6df6d8e36104003c7a4e4724278809011a871bd2;2007-04-12 22:34:45+00:00;2004-01-09 03:36:00+00:00;2004-04-27 10:17:08.571429+00:00;2005-09-26 02:24:00+00:00;CWE-264;6.0;AV:N/AC:M/Au:S/C:P/I:P/A:P;185;12452;12452;7266;False;yes
CVE-2007-0556;5413eef8dcd2dbf2cc46eed4f9fe4024987b8a38;2007-02-02 00:07:03+00:00;d9cb48786ee84c27dc20e3aed92bb1f1cadf95c3;2005-10-19 22:30:30+00:00;d31084e9d1118b25fd16580d9d8c2924b5740dff;1996-07-09 06:22:35+00:00;5413eef8dcd2dbf2cc46eed4f9fe4024987b8a38;2007-02-02 00:07:03+00:00;2003-07-13 01:24:42.352941+00:00;2004-01-01 07:54:32.727273+00:00;2003-04-10 12:00:00+00:00;NVD-CWE-Other;6.6;AV:N/AC:H/Au:S/C:C/I:N/A:C;2820;24174;24174;7403;False;no
CVE-2007-0555;f8eb75b6737f00dc1d9b6ca9c50b0cacc576b998;2007-02-02 00:02:55+00:00;782c16c6a154e760bf1608d633488538cd52da93;2000-08-24 03:29:15+00:00;782c16c6a154e760bf1608d633488538cd52da93;2000-08-24 03:29:15+00:00;47888fe84227aaf3decffc7204554bdec54d2b29;2005-03-31 22:46:33+00:00;2003-09-02 00:00:00+00:00;2003-01-03 17:15:00+00:00;2001-07-26 00:00:00+00:00;NVD-CWE-Other;8.5;AV:N/AC:L/Au:S/C:C/I:N/A:C;16488;16488;16488;9812;False;yes
CVE-2006-2313;515112f9d4874aaedd0c093f41c0ba3e0bf7f660;2006-05-21 20:19:23+00:00;c0a8c3ac13f84602a46ba25b9a2fd5427514f61a;2003-05-08 18:16:37+00:00;d4e62e5deda4e067c335736780fbdcfbbd9ce140;2000-02-05 12:33:22+00:00;515112f9d4874aaedd0c093f41c0ba3e0bf7f660;2006-05-21 20:19:23+00:00;2003-12-21 19:12:00+00:00;2003-06-12 08:09:03.396226+00:00;2002-12-24 09:36:00+00:00;NVD-CWE-Other;7.5;AV:N/AC:L/Au:N/C:P/I:P/A:P;7434;16100;16100;7232;False;yes
CVE-2006-2314;b3eb4ea5d8c35ba9ec890b0f51d04c0b62d53a03;2006-05-21 20:10:42+00:00;7b0f060d549524b39e97b4dcacd775f948ff55c6;2004-07-11 21:34:04+00:00;b700a672feadbb6f122b7c7249967fb0f58dda2b;2003-07-04 16:41:22+00:00;1f54d43075d8c457935cd9fe8adfea949104995d;2005-07-30 15:17:26+00:00;2004-07-15 18:00:00+00:00;2004-07-15 18:00:00+00:00;2004-06-05 21:36:00+00:00;NVD-CWE-Other;7.5;AV:N/AC:L/Au:N/C:P/I:P/A:P;4504;7039;7039;4456;False;yes
CVE-2006-2313;c61a2f58418e9fa1d5d36a22351b7350b8ad1400;2006-05-21 20:05:21+00:00;3c7798f068ce2f334fee95fb125f0641eb10f725;2002-07-16 09:25:06+00:00;cb7cbc16fa4b5933fb5d63052568e3ed6859857b;1998-06-16 07:29:54+00:00;c61a2f58418e9fa1d5d36a22351b7350b8ad1400;2006-05-21 20:05:21+00:00;2003-02-23 04:04:31.698113+00:00;2002-11-19 16:32:16.842105+00:00;2002-01-30 16:48:00+00:00;NVD-CWE-Other;7.5;AV:N/AC:L/Au:N/C:P/I:P/A:P;9554;19097;19097;8334;False;yes
CVE-2006-0553;226a980bb0dfaaa4cee3650889218483aa9ec632;2006-02-12 22:32:43+00:00;98e8b4805324d8ba0b196b8ffaafd5ddd3051ea1;2004-11-05 19:17:13+00:00;6a68f42648f54690ad5b5ae6fb9104e86e15f0f1;2000-05-31 00:28:42+00:00;e5d6b91220d69c87f44e1ce0095516946abc6d6c;2005-07-25 22:12:34+00:00;2003-05-03 03:00:00+00:00;2003-06-17 15:16:21.818182+00:00;2003-08-29 16:48:00+00:00;CWE-264;6.5;AV:N/AC:L/Au:S/C:P/I:P/A:P;3062;14786;14786;6731;False;no
CVE-2012-3488;adc97d03b92fef50608c21059f0509fa97d314f6;2012-08-14 18:31:18-04:00;adca025c9ec4b3050411eb74a5b4f9c20a4ce2b5;2004-03-05 03:24:50+00:00;adca025c9ec4b3050411eb74a5b4f9c20a4ce2b5;2004-03-05 03:24:50+00:00;cacd42d62cb2ddf32135b151f627780a5509780f;2011-07-20 13:03:49-04:00;2008-07-12 18:00:00+00:00;2006-11-30 02:00:00+00:00;2005-08-25 14:24:00+00:00;CWE-264;4.9;AV:N/AC:M/Au:S/C:P/I:P/A:N;16874;16874;16874;10241;False;no
